id;dni;nombre;apellido;fecha_nacimiento
1;embrace Developer;synthesize Idaho compress;Sleek Metal Table Small;2022-11-22T00:32:55
2;red;withdrawal knowledge base Buckinghamshire;Concrete Investment Account Saint Lucia;2022-11-22T06:13:09
3;Brand;neutral Salad;Auto Loan Account modular Refined;2022-11-22T00:08:09
4;mint green e-business EXE;back-end;granular Direct contextually-based;2022-11-21T19:32:53
5;Jewelery cutting-edge;Games;Iraq Bedfordshire;2022-11-21T18:28:27
6;encompassing;Directives;sky blue;2022-11-21T21:41:53
7;facilitate Tasty Concrete Chips Exclusive;Buckinghamshire capability zero tolerance;mission-critical;2022-11-21T11:39:14
8;paradigms Home;Investor Public-key;Lebanon;2022-11-22T00:20:45
9;Dominican Republic Credit Card Account Handmade;Ergonomic transmitter;Point Orchestrator;2022-11-22T01:31:15
10;bypassing optical;installation;Argentine Peso;2022-11-21T14:29:32
