id;dni;nombre;apellido;cargo
1;13752;bricks-and-clicks Concrete Global;Fiji Dollar Profound Bacon;Macao Equatorial Guinea Vision-oriented
2;9310;Customer Human deposit;even-keeled Saint Helena Pound;Internal AI optical
3;64203;Unbranded Cheese Dynamic;Alabama transform;invoice Home Gloves
4;54873;Cayman Islands Dollar invoice;Fish;Networked
5;32539;navigate;program alarm;Nevada
6;9367;turn-key dedicated;Wisconsin;target Human withdrawal
7;79481;Borders North Dakota;CSS Re-contextualized;local Shoes
8;64547;Chips;Villages uniform PCI;Automotive Tactics architectures
9;96665;Strategist SDD;functionalities;compressing
10;31692;Pants Maryland;calculating Intranet Ergonomic Concrete Soap;Director Concrete Bedfordshire
